{
  "auc": 0.902324825481034,
  "classification_report": {
    "0": {
      "precision": 0.764120014294815,
      "recall": 0.8897935551575024,
      "f1-score": 0.8221820978366269,
      "support": 55269.0
    },
    "1": {
      "precision": 0.8210722137662777,
      "recall": 0.7802330253113701,
      "f1-score": 0.8001318445881916,
      "support": 49780.0
    },
    "2": {
      "precision": 0.85546875,
      "recall": 0.03187772925764192,
      "f1-score": 0.06146505753578445,
      "support": 6870.0
    },
    "accuracy": 0.7884005396760156,
    "macro avg": {
      "precision": 0.8135536593536976,
      "recall": 0.5673014365755048,
      "f1-score": 0.5612596666535343,
      "support": 111919.0
    },
    "weighted avg": {
      "precision": 0.7950588745775554,
      "recall": 0.7884005396760156,
      "f1-score": 0.7656788439335909,
      "support": 111919.0
    }
  },
  "text_report": "              precision    recall  f1-score   support\n\n           0       0.76      0.89      0.82     55269\n           1       0.82      0.78      0.80     49780\n           2       0.86      0.03      0.06      6870\n\n    accuracy                           0.79    111919\n   macro avg       0.81      0.57      0.56    111919\nweighted avg       0.80      0.79      0.77    111919\n",
  "confusion_matrix": [
    [
      49178,
      6074,
      17
    ],
    [
      10920,
      38840,
      20
    ],
    [
      4261,
      2390,
      219
    ]
  ],
  "run_id": "20250512_000452",
  "timestamp": "2025-05-12T00:05:58.966655"
}